timestamp,latitude,longitude,name
1593373946,12.8801718,77.7847977,Alice
1593377546,12.9931107,77.5965118,Alice
1593381146,12.9757557,77.4636154,Alice
1593384746,12.9746056,77.6151505,Alice
1593388346,12.9975138,77.7062607,Alice
1593391946,13.0208759,77.511261,Alice
1593395546,12.9931211,77.6471558,Alice
1593399146,13.0319881,77.5680466,Alice
1593402746,12.9401522,77.6411591,Alice
1593406346,12.9097815,77.6493759,Alice
1593409946,12.9836798,77.4548645,Alice
1593413546,12.9736338,77.5444794,Alice
1593417146,12.9179869,77.5563278,Alice
1593420746,12.9700594,77.4685898,Alice
1593424346,13.0473166,77.6508026,Alice
1593427946,12.9671202,77.5146255,Alice
1593431546,12.931447,77.5214844,Alice
1593435146,12.966568,77.6219559,Alice
1593438746,13.000268,77.6697159,Alice
1593442346,13.0319824,77.7873306,Alice
1593445946,12.9798355,77.7608185,Alice
1593449546,12.9519711,77.7677917,Alice
1593453146,12.9272795,77.7875366,Alice
1593456746,12.9761868,77.7890854,Alice
1593373946,12.9481039,77.4820709,Bob
1593377546,13.0049524,77.5225449,Bob
1593381146,12.9936028,77.5122681,Bob
1593384746,13.026392,77.6745605,Bob
1593388346,12.9614162,77.5100784,Bob
1593391946,12.923811,77.5273514,Bob
1593395546,13.0120125,77.5727768,Bob
1593399146,12.8806705,77.4536514,Bob
1593402746,12.9142027,77.4648285,Bob
1593406346,12.9067402,77.4725952,Bob
1593409946,12.9385633,77.5941849,Bob
1593413546,12.9231462,77.7904739,Bob
1593417146,13.0260458,77.6517944,Bob
1593420746,12.9241524,77.5046921,Bob
1593424346,13.0477304,77.6407852,Bob
1593427946,12.884551,77.7331924,Bob
1593431546,12.9606018,77.4849777,Bob
1593435146,13.0376005,77.7647629,Bob
1593438746,12.9567728,77.5995407,Bob
1593442346,13.0688181,77.5937958,Bob
1593445946,12.8942728,77.7727509,Bob
1593449546,12.9690065,77.5648651,Bob
1593453146,12.8925438,77.6916122,Bob
1593456746,13.009656,77.7365341,Bob
1593454225,12.9138688,77.6208384,Bob
1593373946,12.960289,77.7446442,Carol
1593377546,12.9719896,77.5353699,Carol
1593381146,13.0579004,77.5194473,Carol
1593384746,13.0601177,77.7505875,Carol
1593388346,13.0487556,77.7666397,Carol
1593391946,13.0472231,77.754837,Carol
1593395546,13.0204086,77.5946045,Carol
1593399146,12.9728203,77.5493469,Carol
1593402746,13.0649137,77.6223145,Carol
1593406346,13.0319929,77.7783279,Carol
1593409946,12.9040585,77.7287674,Carol
1593413546,12.8896742,77.7945786,Carol
1593417146,12.9455843,77.4634399,Carol
1593420746,12.8879528,77.4661407,Carol
1593424346,12.9733133,77.7384415,Carol
1593427946,12.9056177,77.5134735,Carol
1593431546,13.0381021,77.6485291,Carol
1593435146,13.012188,77.7874908,Carol
1593438746,12.9075851,77.722084,Carol
1593442346,13.064291,77.6434937,Carol
1593445946,12.9551706,77.7975006,Carol
1593449546,12.8853426,77.5838776,Carol
1593453146,12.9205427,77.5661392,Carol
1593456746,13.0681868,77.7690887,Carol
1593373946,12.9681845,77.5686722,David
1593377546,13.0179672,77.5368423,David
1593381146,12.9050512,77.560997,David
1593384746,12.9975376,77.4894028,David
1593388346,12.9767408,77.7350235,David
1593391946,12.8802757,77.6816406,David
1593395546,12.9826117,77.5578232,David
1593399146,12.9441023,77.7188644,David
1593402746,13.0448837,77.7950745,David
1593406346,12.9515085,77.6427994,David
1593409946,13.0372143,77.5297775,David
1593413546,12.8982124,77.4899826,David
1593417146,13.0334253,77.4662704,David
1593420746,12.9766521,77.6813202,David
1593424346,12.9018974,77.6662369,David
1593427946,13.0534382,77.7640762,David
1593431546,13.0081921,77.6536942,David
1593435146,12.8816347,77.5522614,David
1593438746,12.9035501,77.5031891,David
1593442346,12.8857136,77.6797028,David
1593445946,12.8942385,77.5807037,David
1593449546,12.9443665,77.7093658,David
1593453146,13.0316267,77.7517319,David
1593456746,13.0023899,77.5499039,David
1593373946,12.8842058,77.4497452,Erin
1593377546,12.918294,77.4778824,Erin
1593381146,13.059864,77.6991272,Erin
1593384746,12.9637012,77.7281418,Erin
1593388346,12.9314117,77.6709442,Erin
1593391946,12.9292593,77.7612076,Erin
1593395546,12.9898233,77.7518616,Erin
1593399146,12.9308567,77.6710892,Erin
1593402746,12.909977,77.7658463,Erin
1593406346,13.0324717,77.6788559,Erin
1593409946,12.9832363,77.5051575,Erin
1593413546,12.9292212,77.6673965,Erin
1593417146,12.9909925,77.7720947,Erin
1593420746,12.9089594,77.6707916,Erin
1593424346,12.8864937,77.627037,Erin
1593427946,13.0465546,77.7129135,Erin
1593431546,13.064333,77.6289368,Erin
1593435146,13.0260954,77.5030441,Erin
1593438746,12.9941425,77.777832,Erin
1593442346,13.0378237,77.577034,Erin
1593445946,13.0288744,77.7391434,Erin
1593449546,12.9792643,77.5033722,Erin
1593453146,12.9572067,77.7629089,Erin
1593456746,12.8824492,77.462883,Erin
1593373946,12.929863,77.6627121,Frank
1593377546,12.881772,77.6236038,Frank
1593381146,12.9581966,77.7792511,Frank
1593384746,12.8934946,77.6457062,Frank
1593388346,13.0300283,77.5548172,Frank
1593391946,12.9811954,77.4723511,Frank
1593395546,13.002038,77.6220093,Frank
1593399146,13.0120516,77.7860336,Frank
1593402746,13.0422707,77.6670609,Frank
1593406346,12.99648,77.7736816,Frank
1593409946,13.0087252,77.518959,Frank
1593413546,13.0178661,77.5121002,Frank
1593417146,13.0554438,77.6940155,Frank
1593420746,13.0105095,77.6558914,Frank
1593424346,12.9963522,77.6937561,Frank
1593427946,13.0424509,77.7253189,Frank
1593431546,13.0071135,77.7079773,Frank
1593435146,13.0449514,77.5404053,Frank
1593438746,13.0002766,77.6135559,Frank
1593442346,12.936183,77.7099991,Frank
1593445946,12.9544382,77.4692993,Frank
1593449546,12.982975,77.4748993,Frank
1593453146,12.9380989,77.7916946,Frank
1593456746,12.9636278,77.464241,Frank
1593373946,12.929863,77.6627121,Grace
1593377546,12.881772,77.6236038,Grace
1593381146,12.9581966,77.7792511,Grace
1593384746,12.8934946,77.6457062,Grace
1593388346,13.0300283,77.5548172,Grace
1593391946,12.9811954,77.4723511,Grace
1593395546,13.002038,77.6220093,Grace
1593399146,13.0120516,77.7860336,Grace
1593402746,13.0422707,77.6670609,Grace
1593406346,12.99648,77.7736816,Grace
1593409946,13.0087252,77.518959,Grace
1593413546,13.0178661,77.5121002,Grace
1593417146,13.0554438,77.6940155,Grace
1593420746,13.0105095,77.6558914,Grace
1593424346,12.9963522,77.6937561,Grace
1593427946,13.0424509,77.7253189,Grace
1593431546,13.0071135,77.7079773,Grace
1593435146,13.0449514,77.5404053,Grace
1593438746,13.0002766,77.6135559,Grace
1593442346,12.936183,77.7099991,Grace
1593445946,12.9544382,77.4692993,Grace
1593449546,12.982975,77.4748993,Grace
1593453146,12.9380989,77.7916946,Grace
1593456746,12.9636278,77.464241,Grace
1593373946,12.9400997,77.5466385,Heidi
1593377546,12.8901396,77.5515518,Heidi
1593381146,13.0450897,77.6678009,Heidi
1593384746,12.9138603,77.6835632,Heidi
1593388346,12.9504585,77.679245,Heidi
1593391946,12.9897938,77.6361389,Heidi
1593395546,12.9031372,77.7430649,Heidi
1593399146,12.9254293,77.7396774,Heidi
1593402746,12.9116707,77.5711517,Heidi
1593406346,13.0527735,77.7307358,Heidi
1593409946,12.9956713,77.7469482,Heidi
1593413546,12.925025,77.5701981,Heidi
1593417146,12.9020519,77.5025406,Heidi
1593420746,12.9507275,77.659668,Heidi
1593424346,13.0102167,77.4457703,Heidi
1593427946,13.0093946,77.5740128,Heidi
1593431546,12.9740105,77.4694138,Heidi
1593435146,12.9491282,77.6842117,Heidi
1593438746,12.9240599,77.5408554,Heidi
1593442346,12.8861485,77.6416702,Heidi
1593445946,12.8812685,77.7653122,Heidi
1593449546,12.9327793,77.613205,Heidi
1593453146,12.9444742,77.5879593,Heidi
1593456746,13.0538893,77.5207062,Heidi
1593373946,12.8881416,77.4856186,Ivan
1593377546,12.8970098,77.4693909,Ivan
1593381146,12.9291973,77.7105484,Ivan
1593384746,12.9132786,77.5624619,Ivan
1593388346,13.0362072,77.5394363,Ivan
1593391946,12.9039335,77.5483932,Ivan
1593395546,12.9206161,77.6789932,Ivan
1593399146,12.9008942,77.4940033,Ivan
1593402746,12.9678392,77.5329361,Ivan
1593406346,13.0197706,77.5674438,Ivan
1593409946,13.0355501,77.6057739,Ivan
1593413546,13.0094986,77.7926941,Ivan
1593417146,12.9177322,77.4704361,Ivan
1593420746,12.9320984,77.7058105,Ivan
1593424346,12.8875761,77.7555237,Ivan
1593427946,12.9069719,77.524971,Ivan
1593431546,12.9555092,77.5784454,Ivan
1593435146,12.9838648,77.4519653,Ivan
1593438746,12.9637194,77.7866364,Ivan
1593442346,13.0093079,77.7021408,Ivan
1593445946,12.9617071,77.713295,Ivan
1593449546,12.9741602,77.4553146,Ivan
1593453146,12.926527,77.4588776,Ivan
1593456746,13.0363903,77.5759964,Ivan
1593373946,12.9110565,77.7451401,Judy
1593377546,12.949935,77.6850204,Judy
1593381146,13.0410509,77.6985931,Judy
1593384746,13.0542727,77.7337494,Judy
1593388346,12.975214,77.4620361,Judy
1593391946,12.9371729,77.5031738,Judy
1593395546,12.8914328,77.4801407,Judy
1593399146,12.9702244,77.5856705,Judy
1593402746,12.8908062,77.702713,Judy
1593406346,12.8853607,77.6393661,Judy
1593409946,12.9911814,77.5323868,Judy
1593413546,12.8932304,77.4476242,Judy
1593417146,12.9633484,77.6629181,Judy
1593420746,12.991703,77.6204529,Judy
1593424346,12.9277506,77.7716904,Judy
1593427946,12.9577026,77.5341187,Judy
1593431546,12.9961195,77.6039963,Judy
1593435146,12.9467592,77.5559158,Judy
1593438746,13.0583611,77.6137085,Judy
1593442346,13.0649014,77.579422,Judy
1593445946,12.8959751,77.5328293,Judy
1593449546,12.9359045,77.7402267,Judy
1593453146,13.0267229,77.5764008,Judy
1593456746,12.9216843,77.7767487,Judy