id,timestamp,latitude,longitude
David,1593876930,13.1489531,77.593651
David,1593880530,13.2223969,77.6528281
Frank,1593873330,13.2365065,77.693792
Carol,1593898530,13.1637157,77.5628422
Ivan,1593902130,13.2320953,77.580273
Erin,1593873330,13.1322351,77.6943819
Bob,1593869730,13.2245008,77.6683133
Grace,1593873330,13.1427781,77.6915602
Alice,1593902130,13.0903683,77.561579
Frank,1593866130,13.208293,77.6646068
Frank,1593905730,13.2496455,77.6037114
Grace,1593894930,13.0224267,77.6597966
David,1593873330,13.2135128,77.590781
Bob,1593876930,13.2120608,77.6998756
Judy,1593905730,13.057201,77.5721872
Carol,1593880530,13.0826863,77.5552731
Ivan,1593894930,13.2410581,77.6323702
Carol,1593902130,13.2478885,77.6825586
Ivan,1593866130,13.1949846,77.5945885
Erin,1593873330,13.1021508,77.6949036
Ivan,1593898530,13.0557012,77.6287195
Grace,1593884130,13.1802384,77.5654353
Ivan,1593869730,13.1684946,77.6764757
Carol,1593884130,13.0122178,77.5979828
Heidi,1593887730,13.1972994,77.6573416
David,1593880530,13.0508392,77.6720238
Frank,1593905730,13.0256411,77.6877398
David,1593873330,13.1473178,77.6476542
David,1593866130,13.0277588,77.5987964
Judy,1593891330,13.126296,77.5627483
Alice,1593894930,13.1460048,77.694831
Frank,1593869730,13.0718167,77.6598341
Grace,1593866130,13.124961,77.6569083
Ivan,1593891330,13.1401623,77.5925943
Alice,1593869730,13.1527119,77.6836231
Alice,1593873330,13.2311017,77.7054541
Ivan,1593876930,13.1523845,77.7019891
Erin,1593876930,13.1416146,77.6812269
Ivan,1593869730,13.1911768,77.6479403
Judy,1593887730,13.0102837,77.7022628
Judy,1593876930,13.1324132,77.5721686
Alice,1593866130,13.1557417,77.601504
Alice,1593891330,13.0370289,77.7026797
Bob,1593869730,13.165858,77.6627689
Ivan,1593884130,13.1858826,77.6713301
Judy,1593876930,13.0770054,77.7051441
Grace,1593902130,13.0118922,77.6298446
Heidi,1593876930,13.1264796,77.6502092
Erin,1593891330,13.218727,77.6655651
Carol,1593891330,13.1275096,77.5874724
Judy,1593876930,13.2347121,77.6336393
Erin,1593869730,13.1373459,77.5949414
Frank,1593880530,13.1196144,77.6835993
Grace,1593894930,13.0720764,77.6448257
Judy,1593876930,13.0701176,77.5644093
Judy,1593891330,13.0254008,77.5956911
Grace,1593869730,13.0186005,77.6675632
Ivan,1593887730,13.2148203,77.5942046
Heidi,1593894930,13.1972535,77.6813406
Bob,1593894930,13.1023446,77.6201972
Heidi,1593898530,13.1172665,77.6287845
Heidi,1593873330,13.1143547,77.7006167
Bob,1593880530,13.1834983,77.6142176
Judy,1593873330,13.1631831,77.6067975
Grace,1593898530,13.2485907,77.6136422
Judy,1593873330,13.2301899,77.6979974
David,1593902130,13.0278957,77.7009044
Erin,1593905730,13.0474302,77.6535994
Alice,1593905730,13.0604557,77.6538071
Frank,1593902130,13.0162714,77.6180376
Erin,1593887730,13.0245701,77.7016673
Erin,1593876930,13.099348,77.6326509
Bob,1593894930,13.1052884,77.6387677
Ivan,1593905730,13.2105555,77.7020588
Erin,1593876930,13.2425201,77.6790448
Alice,1593884130,13.0489629,77.5934593
Heidi,1593884130,13.1482102,77.6433252
Heidi,1593876930,13.2291385,77.5615716
Carol,1593891330,13.0864946,77.608463
Bob,1593905730,13.1199324,77.6003416
Heidi,1593905730,13.195825,77.6322817
Judy,1593894930,13.0915609,77.6666303
Frank,1593887730,13.1339981,77.6052929
Alice,1593880530,13.0157233,77.6282509
Judy,1593873330,13.0915817,77.6536829
Ivan,1593894930,13.1855125,77.5615038
Erin,1593902130,13.2120474,77.6866381
Ivan,1593873330,13.1161751,77.5906848
David,1593866130,13.1337371,77.5937944
Bob,1593876930,13.0767763,77.7042326
Frank,1593884130,13.0932315,77.5968721
David,1593866130,13.0741422,77.6850085
David,1593869730,13.1212952,77.5533811
Alice,1593869730,13.1195633,77.5842921
David,1593887730,13.2244016,77.6509132
Judy,1593880530,13.1764806,77.6193964
Bob,1593876930,13.1723385,77.6620798
Grace,1593905730,13.1150789,77.6979914
Bob,1593891330,13.1807515,77.7044039
Alice,1593891330,13.2062349,77.5952451
